<app>
  <id>com.navi-x.googlecode.com</id>
  <name>Navi-X</name>
  <version>1.2</version>
  <description>Navi-X v1.2 Access Navi-X content from Boxee. See www.navi-x.org for more details.</description>
  <repository>http://navi-x.googlecode.com/svn/trunk/boxee</repository>  <thumb>http://website.navi-x.org/networks/boxee/navix_icon.png</thumb>
  <media>video</media>
  <copyright>rodejo16</copyright>
  <email>rodejo16@gmail.com</email>
  <type>skin</type>
  <startWindow>14000</startWindow>
  <platform>all</platform>
  <minversion>0.9.22</minversion>
</app>


