	<app>
		<id>com.navix.1.44</id>
		<name>Navi-X</name>
		<version>1.44</version>
		<description>Navi-X v1.44 - A "content aggregator" that provides access to all kinds of multimedia content, listed on a public directory of user contributed listings or playlists for playing on your TV or PC! Visit navix.turner3d.net for details.</description>
		<thumb>http://navi-x.googlecode.com/svn/trunk/boxee/navix_thumb.png</thumb>
		<repositoryid>com.navix.1.44</repositoryid>
		<repository>http://navi-x.googlecode.com/svn/trunk/boxee/</repository>
		<media>video</media>
		<copyright>Team Navi-X</copyright>
		<email>xironbillx@gmail.com</email>
		<type>skin</type>
		<startWindow>14000</startWindow>
		<platform>all</platform>
		<minversion>0.9.14</minversion>
	</app>
