<?xml version="1.0"?>
<window type="window" id="14000">
	<defaultcontrol>112</defaultcontrol>
    <allowoverlays>no</allowoverlays>
    <onload lang="python">
<![CDATA[
from navixboxee import *

resume_string = mc.GetApp().GetLocalConfig().GetValue("resume")

view = GetListView()
if view != -1:
    list = mc.GetWindow(14000).GetList(view)
    size = len(list.GetItems())
#    mc.ShowDialogOk("Error", "list empty.")
else:
    size = 0
#    mc.ShowDialogOk("Error", "invalid view.")
    
if (resume_string != "True") or (view == -1) or (size == 0):
  mc.GetWindow(14000).GetList(GetListView()).SetFocus()
  # Load main Navi-x playlist
  #SelectItem(iURL=home_URL)
  ParsePlaylist(URL=home_URL)
  Init(True)
  
mc.GetApp().GetLocalConfig().SetValue("resume", "False")
]]>
    </onload>  
    
	<controls>
        <control type="largeimage" id="10">
            <description>largeimage background</description>
            <posx>0</posx>
            <posy>0</posy>
            <width>1280</width>
            <height>720</height>
            <visible>true</visible>
            <colordiffuse>FFFFFFFF</colordiffuse>
            <fadetime>200</fadetime>
            <aspectratio>scale</aspectratio>
            <info>Container(555).ListItem.Property(custom:bgimage)</info>
        </control>               
        <control type="image" id="103">
            <visible>True</visible>
            <description>bg1</description>
            <posx>0</posx>
            <posy>0</posy>
            <width>1280</width>
            <height>720</height>
            <texture>background2.png</texture>
        </control>

        <control type="image" id="104">
            <description>logo</description>
            <posx>71</posx>
            <posy>6</posy>
            <width>266</width>
            <height>87</height>
            <texture>navi-x.png</texture>
        </control>        
        
        <control type="image" id="105">
            <description>thumb</description>
            <posx>71</posx>
            <posy>212</posy>
            <width>364</width>
            <height>387</height>
            <aspectratio>keep</aspectratio>
            <!--texture>$INFO[Container(112).ListItem.Thumb]</texture-->
            <info>Container(112).ListItem.Thumb</info>
            <visible>!Control.IsVisible(212)</visible>
        </control>
        
        <!--control type="image" id="118">
            <description>download_logo</description>
            <posx>462</posx>
            <posy>618</posy>
            <width>44</width>
            <height>31</height>
            <texture>icon_download.png</texture>
            <visible>false</visible>
        </control-->

        <control type="list" id="555">
            <description>background image url</description>
            <posx>0</posx>
            <posy>0</posy>
            <width>888</width>
            <height>50</height>
            <label></label>
            <textcolor>FFFFFFFF</textcolor>
            <font>font24</font>
            <visible>false</visible>
            <itemlayout height="32">
            </itemlayout>            
            <focusedlayout>
            </focusedlayout>
        </control>

        <control type="label" id="106">
            <description>urllbl</description>
            <posx>115</posx>
            <posy>158</posy>
            <width>888</width>
            <height>50</height>
            <label></label>
            <textcolor>FFFFFFFF</textcolor>
            <font>font24</font>
            <info>Container(555).ListItem.Property(custom:listtitle)</info>
        </control>
        
        <control type="label" id="119">
            <description>dt</description>
            <posx>480</posx>
            <posy>37</posy>
            <width>480</width>
            <height>50</height>
            <label>label</label>
            <textcolor>FFFFFFFF</textcolor>
            <font>sfont12</font>
            <visible>False</visible>
        </control>       
        
        <control type="label" id="107">
            <description>version</description>
            <posx>450</posx>
            <posy>50</posy>
            <width>350</width>
            <height>40</height>
            <label>version 1.2</label>
            <textcolor>FFFFFFFF</textcolor>
            <font>font14</font>
            <visible>True</visible>
        </control>
        
        <control type="label" id="108">
            <description>target URL</description>
            <posx>106</posx>
            <posy>625</posy>
            <width>1050</width>
            <height>37</height>
            <font>font20</font>
            <info>Container(112).ListItem.Path</info>
            <textcolor>DD999999</textcolor>
            <visible>Control.IsVisible(112)</visible>
        </control>
        
        <control type="label" id="109">
            <description>target URL2</description>
            <posx>106</posx>
            <posy>625</posy>
            <width>1050</width>
            <height>37</height>
            <font>font20</font>
            <info>Container(212).ListItem.Path</info>
            <textcolor>DD999999</textcolor>
            <visible>Control.IsVisible(212)</visible>
        </control>
        
        <!--control type="label" id="109">
            <description>dlinfotext</description>
            <posx>533</posx>
            <posy>625</posy>
            <width>320</width>
            <height>37</height>
            <label>label</label>
            <textcolor>FFFFFFFF</textcolor>
            <visible>False</visible>
        </control-->
        
        <!--control type="label" id="110">
            <description>loading</description>
            <posx>480</posx>
            <posy>200</posy>
            <width>444</width>
            <height>37</height>
            <label>Please wait</label>
            <textcolor>FFFFFFFF</textcolor>
            <visible>False</visible>
        </control-->
                
        <!--control type="label" id="111">
            <description>listpos</description>
            <posx>1120</posx>
            <posy>625</posy>
            <width>444</width>
            <height>37</height>
            <textcolor>FFFFFFFF</textcolor>
            <visible>true</visible>
        </control-->

        <control type="list" id="112">
            <content type="action">
                <!--onclick>SaveWindowState</onclick-->
                <onclick lang="python">
<![CDATA[
list = mc.GetWindow(14000).GetList(112)
focused = list.GetItem( list.GetFocusedItem() ) 
SelectItem( listitem=focused )
]]>
                </onclick>
            </content>
            <animation effect="slide" start="720" time="150">WindowOpen</animation>
		    <animation effect="slide" end="720" time="150">WindowClose</animation>
            <description>list1</description>
            <posx>462</posx>
            <posy>200</posy>
            <width>730</width>
            <height>406</height>
            <onleft>122</onleft>
            <onright>SetVisible(123)</onright>
            <onright>SetVisible(124)</onright>   
            <onright>SetHidden(112)</onright>
            <onright>SetHidden(60)</onright>
            <onright>SetFocus(124)</onright>   
            <onup>112</onup>
            <ondown>112</ondown>            
            <pagecontrol>60</pagecontrol>
            <visible>!Control.HasFocus(123)</visible>
	    <scrolltime>200</scrolltime>
		<itemlayout height="32">
			<control type="image">
				<posx>10</posx>
				<posy>10</posy>
				<width>32</width>
				<height>32</height>
        <info>ListItem.Property(custom:icon)</info>
			</control>
			<control type="label">
				<posx>55</posx>
				<posy>5</posy>
				<width>693</width>
				<height>40</height>
				<font>font20</font>
				<aligny>center</aligny>
        <selectedcolor>FFe2ff43</selectedcolor>
        <textcolor>FFDDDDDD</textcolor>
        <align>left</align>
				<info>ListItem.Label</info>
			</control>
			<control type="label">
				<posx>705</posx>
				<posy>5</posy>
				<width>213</width>
				<height>40</height>
				<font>font20</font>
				<aligny>center</aligny>
        <selectedcolor>FFe2ff43</selectedcolor>
				<textcolor>FFDDDDDD</textcolor>
				<align>right</align>
        <info>ListItem.Property(custom:label2)</info>
			</control>
		</itemlayout>
		<focusedlayout height="32">          
			<control type="image">
				<width>730</width>
				<height>52</height>
				<posx>0</posx>
				<posy>0</posy>
				<texture>list-focus1.png</texture> 
			</control>
			<control type="image">
				<posx>10</posx>
				<posy>10</posy>
				<width>32</width>
				<height>32</height>
				<info>ListItem.Property(custom:icon)</info>
			</control>
			<control type="label">
				<posx>55</posx>
				<posy>5</posy>
				<width>693</width>
				<height>40</height>
				<font>font20</font>
				<aligny>center</aligny>
        <selectedcolor>FFe2ff43</selectedcolor>
        <textcolor>FFDDDDDD</textcolor>
        <align>left</align>
				<info>ListItem.Label</info>
			</control>
			<control type="label">
				<posx>705</posx>
				<posy>5</posy>
				<width>213</width>
				<height>40</height>
				<font>font20</font>
				<aligny>center</aligny>
        <selectedcolor>FFe2ff43</selectedcolor>
				<textcolor>FFDDDDDD</textcolor>
				<align>right</align>
        <info>ListItem.Property(custom:label2)</info>
			</control>
		</focusedlayout>
    </control>

    <control type="scrollbar" id="60">
        <description>Scroll Bar list 1</description>
        <posx>1191</posx>
        <posy>200</posy>
        <width>17</width>
        <height>400</height>
        <onleft>112</onleft>
        <onright>SetVisible(123)</onright>
        <onright>SetVisible(124)</onright>
        <onright>SetHidden(112)</onright>
        <onright>SetHidden(60)</onright>
        <onright>SetFocus(124)</onright>
        <ondown>60</ondown>
        <onup>60</onup>
        <texturesliderbackground>scrollbar_background1.png</texturesliderbackground>
        <texturesliderbar>scrollbar_bar1.png</texturesliderbar>
        <texturesliderbarfocus>scrollbar_bar_focus1.png</texturesliderbarfocus>
        <textureslidernib>-</textureslidernib>
        <textureslidernibfocus>-</textureslidernibfocus>
        <orientation>vertical</orientation>
        <!--visible>Control.IsVisible(112)</visible-->
    </control>
    
<!-- need to get focus back to list 112-->
    <control type="textbox" id="123">
        <description>Text Box Item Description</description>
        <info>Container(112).ListItem.Property(custom:description)</info>      
        <posx>480</posx>
        <posy>200</posy>
        <width>690</width>
        <height>375</height> 
        <font>font20</font>
        <align>justify</align>
        <onleft>60</onleft>
        <onright>123</onright>
        <onup>123</onup>
        <ondown>123</ondown>  
        <pagecontrol>124</pagecontrol>
        <visible>false</visible>
        <!--autoscroll delay="3000" time="2000" repeat="10000">true</autoscroll-->
        <textcolor>FFFFFFFF</textcolor>
    </control>  

    <control type="scrollbar" id="124">
        <description>Scroll Bar Text Box</description>
        <visible>false</visible>
        <posx>1191</posx>
        <posy>200</posy>
        <width>17</width>
        <height>400</height>
        <onleft>SetVisible(112)</onleft>
        <onleft>SetVisible(60)</onleft>
        <onleft>SetHidden(123)</onleft>
        <onleft>SetHidden(124)</onleft>
        <onleft>SetFocus(112)</onleft>
        <onright>124</onright>
        <ondown>124</ondown>
        <onup>124</onup>
        <texturesliderbackground>scrollbar_background1.png</texturesliderbackground>
        <texturesliderbar>scrollbar_bar1.png</texturesliderbar>
        <texturesliderbarfocus>scrollbar_bar_focus1.png</texturesliderbarfocus>
        <textureslidernib>-</textureslidernib>
        <textureslidernibfocus>-</textureslidernibfocus>
        <orientation>vertical</orientation>
    </control>
         
<!--An extra textbox to view playlist items of type text-->
<!--This textbox is identical in size and location to the item description textbox-->
    <control type="textbox" id="130">
        <description>Text Box for text playlist items</description>      
        <posx>480</posx>
        <posy>200</posy>
        <width>690</width>
        <height>375</height> 
        <font>font20</font>
        <align>justify</align>
        <onleft>131</onleft>
        <onright>131</onright>
        <onup>131</onup>
        <ondown>131</ondown>  
        <pagecontrol>131</pagecontrol>
        <visible>false</visible>
        <!--autoscroll delay="3000" time="2000" repeat="10000">true</autoscroll-->
        <textcolor>FFFFFFFF</textcolor>
        <info>Container(555).ListItem.Property(custom:contenttext)</info>
    </control> 

    <control type="scrollbar" id="131">
        <description>Scroll Bar Text Box</description>
        <visible>Control.IsVisible(130)</visible>
        <posx>1191</posx>
        <posy>200</posy>
        <width>17</width>
        <height>400</height>
        <onleft>SetVisible(112)</onleft>
        <onleft>SetVisible(60)</onleft>
        <onleft>SetHidden(130)</onleft>
        <onleft>SetHidden(131)</onleft>
        <onleft>SetFocus(112)</onleft>
        <onright>131</onright>
        <ondown>131</ondown>
        <onup>131</onup>
        <texturesliderbackground>scrollbar_background1.png</texturesliderbackground>
        <texturesliderbar>scrollbar_bar1.png</texturesliderbar>

        <texturesliderbarfocus>scrollbar_bar_focus1.png</texturesliderbarfocus>
        <textureslidernib>-</textureslidernib>
        <textureslidernibfocus>-</textureslidernibfocus>
        <orientation>vertical</orientation>
    </control>         

    <control type="button" id="125">
        <description>Left Button</description>
        <posx>71</posx>
        <posy>162</posy>
        <width>28</width>
        <height>20</height>
        <onright>112</onright>
        <ondown>112</ondown>
        <align>center</align>
        <aligny>center</aligny>
        <texturenofocus>icon_left.png</texturenofocus>
        <texturefocus>icon_left_focus1.png</texturefocus>
        <!--onclick>PopToWindowState(1)</onclick-->
        <onclick lang="python">
<![CDATA[
mc.GetWindow(14000).PopState()
]]>
        </onclick>
    </control>

    <!-- Thumbs panel -->
    <control type="panel" id="212">
        <posx>60</posx>
        <posy>200</posy>
        <width>1200</width>
        <height>406</height>
        <!--onup>20100</onup-->                    
        <onleft>122</onleft>
        <onright>60</onright>
        <orientation>vertical</orientation>
        <pagecontrol>60</pagecontrol>
	    <scrolltime>200</scrolltime>        
        <content type="action">
            <onclick lang="python">
<![CDATA[
list = mc.GetWindow(14000).GetList(212)
focused = list.GetItem( list.GetFocusedItem() ) 
SelectItem( listitem=focused )
]]>
            </onclick>
        </content>
        <itemlayout height="200" width="220">
            <control type="image">
                <posx>25</posx>
                <posy>20</posy>
                <width>200</width>
                <height>130</height>
                <aspectratio>keep</aspectratio>
                <!--info>ListItem.property(custom:icon)</info-->
                <info>ListItem.Thumb</info>
            </control>
            <control type="label">
                <posx>125</posx>
                <posy>135</posy>
                <width>210</width>
                <height>55</height>
                <font>font18</font>
                <textcolor>ffdddddd</textcolor>
                <selectedcolor>ffdddddd</selectedcolor>
                <aligny>center</aligny>
                <align>center</align>
                <label>$INFO[ListItem.Label]</label>
            </control>
        </itemlayout>
        <focusedlayout height="220" width="220">   
            <control type="image">
                <posx>10</posx>
                <posy>10</posy>
                <width>230</width>
                <height>180</height>
                <aspectratio>keep</aspectratio>
                <texture>panel-focus1.png</texture>
            </control>                
            <control type="image">
                <posx>25</posx>
                <posy>20</posy>
                <width>200</width>
                <height>130</height>
                <aspectratio>keep</aspectratio>
                <!--info>ListItem.property(custom:icon)</info-->
                <info>ListItem.Thumb</info>
            </control>
            <control type="label">
                <posx>125</posx>
                <posy>135</posy>
                <width>210</width>
                <height>55</height>
                <font>font18</font>
                <!--textcolor>ffd58d10</textcolor-->
                <textcolor>ff00ff00</textcolor>
                <selectedcolor>ffd58d10</selectedcolor>
                <aligny>center</aligny>
                <align>center</align>
                <scroll>true</scroll>
                <label>$INFO[ListItem.Label]</label>
            </control>
        </focusedlayout>
    </control>
 
     <control type="list" id="122">
            <content type="action">
                <!--onclick>SaveWindowState</onclick-->
                <onclick lang="python">
<![CDATA[
list = mc.GetWindow(14000).GetList(122)
itemNumber = list.GetFocusedItem()
MenuLeftSelectItem( itemNumber)
]]>
                </onclick>
            </content>    
        <description>list3</description>
        <animation effect="slide" start="-300" time="150" condition="Control.HasFocus(122)">Conditional</animation>
        <animation effect="slide" end="-300" time="150" condition="!Control.HasFocus(122)">Conditional</animation>         
        <posx>0</posx>
        <posy>200</posy>
        <width>300</width>
        <height>250</height>  
        <onup>122</onup>
        <ondown>122</ondown>
        <onright lang="python">
<![CDATA[
mc.GetWindow(14000).GetList(GetListView()).SetFocus()
]]>
        </onright>
        <visible>!Control.HasFocus(123)</visible>
            <!--pagecontrol>2050</pagecontrol-->
	    <scrolltime>200</scrolltime>
		<itemlayout height="40">
			<control type="image">
				<width>300</width>
				<height>40</height>
				<posx>0</posx>
				<posy>0</posy>
				<texture>list-nofocus1.png</texture>
			</control>        

			<control type="label">
				<posx>40</posx>
				<posy>5</posy>
				<width>250</width>
				<height>32</height>
				<font>font20</font>
				<aligny>center</aligny>
                <selectedcolor>FFe2ff43</selectedcolor>
                <textcolor>FFDDDDDD</textcolor>
                <align>left</align>
				<info>ListItem.Label</info>
			</control>
		</itemlayout>
		<focusedlayout height="40">          
			<control type="image">
				<width>300</width>
				<height>42</height>
				<posx>0</posx>
				<posy>0</posy>
				<texture>list-focus3.png</texture>
			</control>
			<control type="label">
				<posx>40</posx>
				<posy>5</posy>
				<width>250</width>
				<height>32</height>
				<font>font20</font>
				<aligny>center</aligny>
                <selectedcolor>FFe2ff43</selectedcolor>
                <textcolor>FFDDDDDD</textcolor>
                <align>left</align>
				<info>ListItem.Label</info>
			</control>
		</focusedlayout>
    </control>
    <include>Common_Status</include>
    <include>Common_Now_Playing</include> 
    </controls>
</window>

