{ "scrapers" : 
  [ 
    {"type":"playlist", "tag":"tv", "name":"4KidsTV", "URL":"http://navix.turner3d.net/scrape/4kidstv/", "thumb":"http://navix.turner3d.net/images/backgrounds/thumb_4kidstv.jpg"}, 
	{"type":"playlist", "tag":"tv", "name":"66 Stage", "URL":"http://navix.turner3d.net/scrape/66stage/cat/tv", "thumb":"http://navix.turner3d.net/images/backgrounds/thumb_66stage.png"}, 
    {"type":"playlist", "tag":"movie", "name":"66 Stage", "URL":"http://navix.turner3d.net/scrape/66stage/list/movies", "thumb":"http://navix.turner3d.net/images/backgrounds/thumb_66stage.png"}, 
    {"type":"playlist", "tag":"video", "name":"66 Stage", "URL":"http://navix.turner3d.net/scrape/66stage/", "thumb":"http://navix.turner3d.net/images/backgrounds/thumb_66stage.png"}, 
    {"type":"playlist", "tag":"tv", "name":"ABC", "URL":"http://navix.turner3d.net/scrape/abc/", "thumb":"http://navix.turner3d.net/images/backgrounds/thumb_abc.png"}, 
    {"type":"playlist", "tag":"video", "name":"Adult Swim", "URL":"http://navix.turner3d.net/scrape/adultswim/", "thumb":"http://navix.turner3d.net/images/backgrounds/thumb_adult_swim.png"}, 
    {"type":"playlist", "tag":"video", "name":"Animefreak.tv", "URL":"http://navix.turner3d.net/scrape/animefreak/", "thumb":"http://navix.turner3d.net/images/backgrounds/thumb_animefreak.jpg"}, 
    {"type":"playlist", "tag":"tv", "name":"BBC Archive", "URL":"http://www.straumr.dk/host/BBC_Archive_scraper_plx.php", "thumb":"http://www.straumr.dk/host/BBC_Archive_inv.png"}, 
    {"type":"playlist", "tag":"video", "name":"BET", "URL":"http://navix.turner3d.net/scrape/bet/", "thumb":"http://navix.turner3d.net/images/backgrounds/thumb_bet.png"}, 
    {"type":"playlist", "tag":"tv", "name":"CBS Sports", "URL":"http://navix.turner3d.net/scrape/cbs_sports/", "thumb":"http://navix.turner3d.net/images/backgrounds/thumb_cbssports.gif"}, 
    {"type":"playlist", "tag":"tv", "name":"CBS", "URL":"http://navix.turner3d.net/scrape/cbs/", "thumb":"http://navix.turner3d.net/images/backgrounds/thumb_cbs.png"}, 
    {"type":"playlist", "tag":"tv", "name":"CNN", "URL":"http://navix.turner3d.net/scrape/cnn/", "thumb":"http://navix.turner3d.net/images/backgrounds/thumb_cnn.png"}, 
    {"type":"playlist", "tag":"movie", "name":"Crackle Movies", "URL":"http://navix.turner3d.net/scrape/cracklemovies/", "thumb":"http://navix.turner3d.net/images/backgrounds/thumb_crackle.png"}, 
    {"type":"playlist", "tag":"tv", "name":"Crackle TV", "URL":"http://navix.turner3d.net/scrape/crackletv/", "thumb":"http://navix.turner3d.net/images/backgrounds/thumb_crackle.png"}, 
    {"type":"playlist", "tag":"video", "name":"Dailymotion user lists", "URL":"http://navix.turner3d.net/playlist/15649/dailymotion_user_lists.plx", "thumb":"http://navix.turner3d.net/images/backgrounds/thumb_dailymotion.jpg"}, 
    {"type":"playlist", "tag":"tv", "name":"Discovery Networks", "URL":"http://navix.turner3d.net/scrape/discovery/", "thumb":"http://navix.turner3d.net/images/backgrounds/thumb_discovery_dsc.png"}, 
    {"type":"playlist", "tag":"video", "name":"DivxStage", "URL":"http://navix.turner3d.net/scrape/divxstage/", "thumb":"http://navix.turner3d.net/images/backgrounds/thumb_divxstage.png"}, 
    {"type":"playlist", "tag":"video", "name":"eBaum's World", "URL":"http://navix.turner3d.net/scrape/ebaumsworld/", "thumb":"http://media.ebaumsworld.com/img/headerlogo.png"}, 
    {"type":"playlist", "tag":"movie", "name":"Filmtrailer.com", "URL":"http://navix.turner3d.net/scrape/filmtrailer/", "thumb":"http://navix.turner3d.net/images/backgrounds/thumb_filmtrailer.gif"}, 
    {"type":"playlist", "tag":"video", "name":"Fragg.me", "URL":"http://navix.turner3d.net/scrape/fraggme/", "thumb":"http://navix.turner3d.net/images/backgrounds/thumb_fraggme.gif"}, 
    {"type":"playlist", "tag":"video", "name":"G4TV", "URL":"http://navix.turner3d.net/scrape/g4tv/", "thumb":"http://navix.turner3d.net/images/backgrounds/thumb_g4tv.png"}, 
    {"type":"playlist", "tag":"video", "name":"GameFAQs", "URL":"http://navix.turner3d.net/scrape/gamefaqs/", "thumb":"http://navix.turner3d.net/images/backgrounds/thumb_gamefaqs.png"}, 
    {"type":"playlist", "tag":"video", "name":"GameTrailers.com", "URL":"http://navix.turner3d.net/scrape/gametrailers/", "thumb":"http://navix.turner3d.net/images/backgrounds/thumb_gametrailers.gif"}, 
    {"type":"playlist", "tag":"audio", "name":"Librivox Audio Books", "URL":"http://navix.turner3d.net/scrape/librivox/", "thumb":"http://navix.turner3d.net/images/backgrounds/thumb_librivox.png"}, 
    {"type":"playlist", "tag":"video", "name":"Live Well HD", "URL":"http://navix.turner3d.net/scrape/livewellhd/", "thumb":"http://navix.turner3d.net/images/backgrounds/thumb_livewellhd.gif"}, 
    {"type":"playlist", "tag":"movie", "name":"Maxim", "URL":"http://navix.turner3d.net/scrape/maxim/channel/Movies", "thumb":"http://navix.turner3d.net/images/logo_maxim.jpg"}, 
    {"type":"playlist", "tag":"video", "name":"Maxim", "URL":"http://navix.turner3d.net/scrape/maxim/", "thumb":"http://navix.turner3d.net/images/logo_maxim.jpg"}, 
    {"type":"playlist", "tag":"audio", "name":"MTV Music Videos", "URL":"http://navix.turner3d.net/scrape/mtv_music/", "thumb":"http://navix.turner3d.net/images/backgrounds/thumb_mtv.jpg"}, 
    {"type":"playlist", "tag":"tv", "name":"National Geographic", "URL":"http://navix.turner3d.net/scrape/natgeo/", "thumb":"http://navix.turner3d.net/images/backgrounds/thumb_natgeo.jpg"}, 
    {"type":"playlist", "tag":"tv", "name":"NBC", "URL":"http://navix.turner3d.net/scrape/nbc/", "thumb":"http://navix.turner3d.net/images/backgrounds/thumb_nbc.jpg"}, 
    {"type":"playlist", "tag":"tv", "name":"NFB", "URL":"http://navix.turner3d.net/scrape/nfb_ca/", "thumb":"http://navix.turner3d.net/images/backgrounds/thumb_nfb_ca.jpg"}, 
    {"type":"playlist", "tag":"tv", "name":"NFL", "URL":"http://navix.turner3d.net/scrape/nfl/", "thumb":"http://navix.turner3d.net/images/backgrounds/thumb_nfl.jpg"}, 
    {"type":"playlist", "tag":"tv", "name":"Nick", "URL":"http://navix.turner3d.net/scrape/nick/", "thumb":"http://navix.turner3d.net/images/backgrounds/thumb_nick.gif"}, 
    {"type":"playlist", "tag":"tv", "name":"PBS Kids", "URL":"http://navix.turner3d.net/scrape/pbskids/", "thumb":"http://navix.turner3d.net/images/backgrounds/thumb_pbskids.png"}, 
    {"type":"playlist", "tag":"tv", "name":"PBS", "URL":"http://navix.turner3d.net/scrape/pbs/", "thumb":"http://navix.turner3d.net/images/backgrounds/thumb_pbs.gif"}, 
    {"type":"playlist", "tag":"video", "name":"PokerTube", "URL":"http://navix.turner3d.net/scrape/pokertube/", "thumb":"http://navix.turner3d.net/images/backgrounds/thumb_pokertube.gif"}, 
    {"type":"playlist", "tag":"audio", "name":"Radiolala", "URL":"http://navix.turner3d.net/scrape/radiolala/", "thumb":"http://navix.turner3d.net/images/backgrounds/thumb_radiolala.png"}, 
    {"type":"playlist", "tag":"tv", "name":"SyFy", "URL":"http://navix.turner3d.net/scrape/scifi/", "thumb":"http://navix.turner3d.net/images/backgrounds/thumb_syfy.gif"}, 
    {"type":"playlist", "tag":"video", "name":"That Guy With The Glasses", "URL":"http://navix.turner3d.net/scrape/tgwtg/", "thumb":"http://navix.turner3d.net/images/backgrounds/thumb_tgwtg2.png"}, 
    {"type":"playlist", "tag":"audio", "name":"Top 40 Charts", "URL":"http://navix.turner3d.net/scrape/top40charts/", "thumb":"http://navix.turner3d.net/images/backgrounds/thumb_top40-charts.png"}, 
    {"type":"playlist", "tag":"video", "name":"TruTV", "URL":"http://navix.turner3d.net/scrape/trutv/", "thumb":"http://navix.turner3d.net/images/backgrounds/thumb_trutv.gif"}, 
    {"type":"playlist", "tag":"movie", "name":"VidIcs", "URL":"http://navix.turner3d.net/scrape/vidics/", "thumb":"http://navix.turner3d.net/images/backgrounds/thumb_vidics.png"}, 
    {"type":"playlist", "tag":"tv", "name":"VidIcs", "URL":"http://navix.turner3d.net/scrape/vidics/", "thumb":"http://navix.turner3d.net/images/backgrounds/thumb_vidics.png"}, 
    {"type":"playlist", "tag":"tv", "name":"Youtube Shows", "URL":"http://navix.turner3d.net/scrape/youtube_shows/", "thumb":"http://navix.turner3d.net/images/backgrounds/thumb_youtube_shows.jpg"},
	
	{"type":"playlist", "tag":"movie", "name":"Apple Movie Trailers", "URL":"http://www.navi-x.org/playlists/apple.plx", "thumb":"http://www.navi-x.org/playlists/apple.png"},
	{"type":"playlist", "tag":"audio", "name":"Radiotime", "URL":"http://www.navi-x.org/playlists/radiotime.plx", "thumb":"http://www.navi-x.org/playlists/radiotime.jpg"},
	{"type":"playlist", "tag":"video", "name":"Youtube", "URL":"http://www.navi-x.org/playlists/youtube/index.plx", "thumb":"http://www.navi-x.org/playlists/youtube/logo.png"},
	{"type":"playlist", "tag":"video", "name":"NASA", "URL":"http://www.navi-x.org/playlists/nasa/nasa.plx", "thumb":"http://www.navi-x.org/playlists/nasa/nasa.png"},
	{"type":"playlist", "tag":"video", "name":"Litspliff's Smoke Stop!", "URL":"http://www.dynatron.org/PLX/smokestop.plx", "thumb":"http://www.navi-x.org/playlists/hank_cigar.png"},
	
	{"type":"playlist", "tag":"audio", "name":"Grooveshark", "URL":"http://navix.turner3d.net/scrape/grooveshark/", "thumb":"http://navix.turner3d.net/images/backgrounds/thumb_grooveshark.png"}, 
	{"type":"playlist", "tag":"audio", "name":"Shoutcast Internet Radio", "URL":"http://www.navi-x.org/playlists/shoutcast/shoutcast.plx", "thumb":"http://www.navi-x.org/playlists/shoutcast/shoutcast.png"}, 
	{"type":"playlist", "tag":"audio", "name":"Vevo", "URL":"http://justme4u2c-navi-x.dyndns-server.com/cgi-bin/Vevo.pl", "thumb":"http://i254.photobucket.com/albums/hh98/justme4u2cme/Navi-X%20Playlists/500px-Vevo_Logosvg.png", "language":["US", "CA"], "restricted":true}, 
	{"type":"playlist", "tag":"video", "name":"Novamov", "URL":"http://76.77.191.9/cgi-bin/Scrapers/novamov", "thumb":"http://www.novamov.com/images/logo_novamov.jpg"},
	{"type":"playlist", "tag":"video", "name":"StageVu", "URL":"http://76.77.191.9/cgi-bin/Scrapers/svsearch", "thumb":"http://stagevu.com/img/white/newtitle.png"},
	{"type":"playlist", "tag":"video", "name":"Videofriender", "URL":"http://76.77.191.9/cgi-bin/Scrapers/vfsearch", "thumb":"http://navix.turner3d.net/images/backgrounds/thumb_videofriender.gif"},
	{"type":"playlist", "tag":"movies", "name":"Megavideo Premium Login", "URL":"http://navix.turner3d.net/scrape/mvloginset/", "thumb":"http://navix.turner3d.net/images/backgrounds/thumb_megavideo.png"},
	
	{"type":"json", "tag":"tv", "name":"CNN Podcasts", "URL":"http://pipes.yahoo.com/pipes/pipe.run?_id=0d637dc84d04d475648640c142814f2e&_render=json", "thumb":"http://navix.turner3d.net/images/backgrounds/thumb_cnn.png"}, 
	{"type":"json", "tag":"video", "name":"Earth-Touch Podcasts", "URL":"http://pipes.yahoo.com/pipes/pipe.run?_id=4db360f21187e4ddeacbc4f24e58fad8&_render=json", "thumb":"http://a4.mzstatic.com/us/r30/Podcasts/94/0b/fe/ps.ztgjdkow.170x170-75.jpg"}, 
	{"type":"json", "tag":"video", "name":"The Big Picture - Boston.com", "URL":"http://pipes.yahoo.com/pipes/pipe.run?_id=1e9d2efdaa6c55666cb45651bc886cd9&_render=json", "thumb":"http://a6.mzstatic.com/us/r1000/014/Purple/d8/c9/08/mzi.zevxlzbu.175x175-75.jpg"}, 
	{"type":"playlist", "tag":"tv", "name":"Sesame Street", "URL":"http://justme4u2c-navi-x.dyndns-server.com/cgi-bin/SesameStreet.pl", "thumb":"http://i1180.photobucket.com/albums/x420/NaviXJustme4u2c/Navi-X/500px-Sesame_Street_logosvg.png"}, 
	{"type":"playlist", "tag":"tv", "name":"WB Kids", "URL":"http://justme4u2c-navi-x.dyndns-server.com/cgi-bin/WBKids.pl", "thumb":"http://i1180.photobucket.com/albums/x420/NaviXJustme4u2c/Navi-X/Kids_WB_2009_logo.png"}, 
	{"type":"playlist", "tag":"video", "name":"GameSpot", "URL":"http://justme4u2c-navi-x.dyndns-server.com/cgi-bin/GameSpot.pl", "thumb":"http://i254.photobucket.com/albums/hh98/justme4u2cme/Navi-X%20Playlists/gamespot_logo-1.jpg"}, 
	{"type":"playlist", "tag":"video", "name":"IGN", "URL":"http://justme4u2c-navi-x.dyndns-server.com/cgi-bin/IGN.pl", "thumb":"http://i254.photobucket.com/albums/hh98/justme4u2cme/IGN/IGN_Logo.jpg"}, 
	{"type":"playlist", "tag":"video", "name":"Gamekings (Dutch)", "URL":"http://justme4u2c-navi-x.dyndns-server.com/cgi-bin/GameKings.pl?q=gamekings/", "thumb":"http://navix.turner3d.net/images/backgrounds/thumb_gamekings.jpg"}, 
	{"type":"playlist", "tag":"audio", "name":"Podcast Alley Top 50", "URL":"http://www.symbolengine.com/navixopml/?s=Podcast+Alley&c=Top+50", "thumb":"http://www.beckyandjoeshow.com/wp-content/uploads/2010/06/podcastalley-logo-300x300.jpg"}, 
	{"type":"playlist", "tag":"audio", "name":"Tech Podcasts", "URL":"http://www.symbolengine.com/navixopml/?s=techpodcasts", "thumb":"http://a4.mzstatic.com/us/r30/Podcasts/28/c2/65/ps.iyyxydcb.170x170-75.jpg"}, 
	{"type":"playlist", "tag":"audio", "name":"Digitalpodcast.com", "URL":"http://www.symbolengine.com/navixopml/?s=digitalpodcast.com", "thumb":"http://www.digitalpodcast.com/images/newdp465.jpg"},
	
	{"type":"sources", "tag":"other", "name":"Video", "URL":"video", "thumb":"icons/icon_video.png"},
	{"type":"downloads", "tag":"other", "name":"Downloads", "URL":"", "thumb":"icons/icon_download.png"},
	{"type":"playlist", "tag":"other", "name":"Podcast", "URL":"http://www.box.net/rssdownload/664068846/index.txt", "thumb":"icons/icon_podcast.png"},
	{"type":"playlist", "tag":"other", "name":"Pictures", "URL":"http://www.box.net/rssdownload/664076112/index.txt", "thumb":"icons/icon_picture.png"},
	{"type":"playlist", "tag":"other", "name":"Websites", "URL":"http://navi-x-playlists-for-websites.googlecode.com/svn/trunk/index.plx", "thumb":"icons/icon_browser.png"},
	{"type":"playlist", "tag":"other", "name":"Help and Support", "URL":"http://website.navi-x.org/-networks/Media_Center_Section_&_Help_and_Support/Help_and_Support/index.plx", "thumb":"icons/icon_help.png"},
	
	{"type":"playlist", "tag":"navix", "name":"Popular 24 hours", "URL":"http://navix.turner3d.net/playlist/day.plx", "thumb":"icons/icon_24h.png"},
	{"type":"playlist", "tag":"navix", "name":"Popular 7 days", "URL":"http://navix.turner3d.net/playlist/week.plx", "thumb":"icons/icon_week.png"},
	{"type":"playlist", "tag":"navix", "name":"Popular Newest", "URL":"http://navix.turner3d.net/playlist/update.plx", "thumb":"icons/icon_recent.png"},
	{"type":"playlist", "tag":"navix", "name":"Newest", "URL":"http://navix.turner3d.net/playlist/new.plx", "thumb":"icons/icon_new.png"},
	{"type":"playlist", "tag":"navix", "name":"My Playlists", "URL":"http://navix.turner3d.net/playlist/mine.plx", "thumb":"icons/icon_playlist.png"},
	{"type":"playlist", "tag":"navix", "name":"UserBase", "URL":"http://navix.turner3d.net/playlist/50274/user_lists.plx", "thumb":"icons/icon_playlist.png"}
	],
"search" : 
  [ 
	{"type":"playlist", "name":"66 Stage", "URL":"http://navix.turner3d.net/scrape/66stage/search/", "thumb":"http://navix.turner3d.net/images/backgrounds/thumb_66stage.png", "genre":"video"}, 
	{"type":"playlist", "name":"CNN Videos", "URL":"http://navix.turner3d.net/scrape/cnn/search/", "thumb":"http://navix.turner3d.net/images/backgrounds/thumb_cnn.png", "genre":"news"}, 
    {"type":"playlist", "name":"Divx Stage", "URL":"http://navix.turner3d.net/scrape/divxstage/?s=", "thumb":"http://navix.turner3d.net/images/backgrounds/thumb_divxstage.png", "genre":"video"},
	{"type":"playlist", "name":"eBaum's World videos", "URL":"http://navix.turner3d.net/scrape/ebaumsworld/search/", "thumb":"http://media.ebaumsworld.com/img/headerlogo.png", "genre":"video"}, 
    {"type":"playlist", "name":"Game Trailers", "URL":"http://navix.turner3d.net/scrape/gametrailers/search/", "thumb":"http://navix.turner3d.net/images/backgrounds/thumb_gametrailers.gif", "genre":"games"},  
    {"type":"playlist", "name":"G4TV", "URL":"http://navix.turner3d.net/scrape/g4tv/search/", "thumb":"http://navix.turner3d.net/images/backgrounds/thumb_g4tv.png", "genre":"games"}, 
    {"type":"playlist", "name":"Librivox Audio Books", "URL":"http://navix.turner3d.net/scrape/librivox/search/", "thumb":"http://navix.turner3d.net/images/backgrounds/thumb_librivox.png", "genre":"audio"}, 
    {"type":"playlist", "name":"MTV Artists", "URL":"http://navix.turner3d.net/scrape/mtv_music/artistsearch/", "thumb":"http://navix.turner3d.net/images/backgrounds/thumb_mtv.jpg", "genre":"audio"}, 
    {"type":"playlist", "name":"PokerTube", "URL":"http://navix.turner3d.net/scrape/pokertube/freetext/", "thumb":"http://navix.turner3d.net/images/backgrounds/thumb_pokertube.gif", "genre":"video"}, 
    {"type":"playlist", "name":"VidIcs", "URL":"http://navix.turner3d.net/scrape/vidics/list/?s=", "thumb":"http://navix.turner3d.net/images/backgrounds/thumb_vidics.png", "genre":"tv"}, 
	{"type":"playlist", "name":"Novamov", "URL":"http://76.77.191.9/cgi-bin/Scrapers/novamov?q=search/", "thumb":"http://www.novamov.com/images/logo_novamov.jpg", "genre":"video"},
	{"type":"playlist", "name":"StageVu", "URL":"http://76.77.191.9/cgi-bin/Scrapers/svsearch?q=basic/", "thumb":"http://stagevu.com/img/white/newtitle.png", "genre":"video"},
	{"type":"playlist", "name":"Videofriender", "URL":"http://76.77.191.9/cgi-bin/Scrapers/vfsearch?q=search/", "thumb":"http://navix.turner3d.net/images/backgrounds/thumb_videofriender.gif", "genre":"video"},
	{"type":"json", "name":"Navi Xtreme", "URL":"http://navix.turner3d.net/search_api?q=", "genre":"navi", "extended":true},
	{"type":"playlist", "name":"Sesame Street", "URL":"http://justme4u2c-navi-x.dyndns-server.com/cgi-bin/SesameStreet.pl?q=search/", "thumb":"http://i1180.photobucket.com/albums/x420/NaviXJustme4u2c/Navi-X/500px-Sesame_Street_logosvg.png", "genre":"tv"}
]
} 



 