	<app>
		<id>com.navix.stable</id>
		<name>Navi-X Stable</name>
		<version>1.42</version>
		<description>Navi-X v1.42 Access Navi-Xtreme content from Boxee. This is the stable version. See http://navix.turner3d.net.</description>
		<thumb>http://website.navi-x.org/networks/boxee/navix_icon.png</thumb>
		<repositoryid>com.navix.</repositoryid>
		<repository>http://navi-x.googlecode.com/svn/trunk/boxee/</repository>
		<media>video</media>
		<copyright>rodejo16</copyright>
		<email>rodejo16@gmail.com</email>
		<type>skin</type>
		<startWindow>14000</startWindow>
		<platform>all</platform>
		<minversion>0.9.14</minversion>
	</app>
