<app>
		<id>navix.beta</id>
		<name>Navi-x Beta</name>
		<version>4.22</version>
		<description>Browse media with Navi-x Browser</description>
		<thumb>http://img89.imageshack.us/img89/4368/thumbvi.png</thumb>
		<repositoryid>net.navix</repositoryid>
		<repository>http://boxee.navi-x.net</repository>
		<media>video</media>
		<copyright>rodejo16</copyright>
		<email>rodejo16@gmail.com</email>
		<type>skin</type>
		<startWindow>default</startWindow>
		<platform>all</platform>
		<minversion>0.9.14</minversion>
</app>