<app>
<id>com.navix.stable</id>
<name>Navi-X</name>
<version>1.47</version>
<description>Navi-X v1.47 - A "content aggregator" that provides access to all kinds of multimedia content, listed on a public directory of user contributed listings or playlists for playing on your TV or PC! Visit www.navixtreme.com for details.</description>
<thumb>http://website.navi-x.org/networks/boxee/navix_icon.png</thumb>
<repositoryid>com.navix</repositoryid>
<repository>http://navi-x.googlecode.com/svn/trunk/boxee/</repository>
<media>video</media>
<copyright>Team Navi-X</copyright>
<email>xironbillx@gmail.com</email>
<type>skin</type>
<startWindow>14000</startWindow>
<platform>all</platform>
<minversion>0.9.14</minversion>
</app>
