<?xml version="1.0"?>
<window type="dialog" id="15110">
	<allowoverlay>yes</allowoverlay>
	<controls>
		<control type="group" id="1000">
			<control type="image">
				<description>Splash Screen</description>
				<posx>0</posx>
				<posy>0</posy>
				<height>720</height>
				<width>1280</width>
				<texture>backgrounds/background_main.png</texture>	
				<animation effect="fade" time="400" start="100" end="0">Hidden</animation>
			</control>
			<control type="image">
				<description>Splash logo</description>
				<posx>422</posx>
				<posy>153</posy>
				<height>113</height>
				<width>435</width>
				<texture>logo.png</texture>	
				<animation effect="fade" time="400" start="100" end="0">Hidden</animation>
			</control>
		</control>
	</controls>
</window>