	<app>
		<id>navi.old</id>
		<name>Navi-X Old</name>
		<version>1.4</version>
		<description>Navi-X v1.4. Access Navi-xtreme content from Boxee. This is the old stable version. See http://navix.turner3d.net.</description>
		<thumb>http://website.navi-x.org/networks/boxee/navix_icon.png</thumb>
		<repositoryid>navi</repositoryid>
		<repository>http://navi-x.googlecode.com/svn/trunk/boxee/</repository>
		<media>video</media>
		<copyright>rodejo16</copyright>
		<email>rodejo16@gmail.com</email>
		<type>skin</type>
		<startWindow>14000</startWindow>
		<platform>all</platform>
		<minversion>0.9.14</minversion>
	</app>


