{
   "navi_platform": "boxee", 
   "playback_sub_lang": [
		"Albanian",
		"Arabic",
		"Belarusian",
		"Bosnian (Latin)",
		"Bulgarian",
		"Catalan",
		"Chinese",
		"Croatian",
		"Czech",
		"Danish",
		"Dutch",
		"English",
		"Estonian",
		"Finnish",
		"French",
		"German",
		"Greek",
		"Hebrew",
		"Hindi",
		"Hungarian",
		"Icelandic",
		"Indonesian",
		"Italian",
		"Japanese",
		"Korean",
		"Latvian",
		"Lithuanian",
		"Macedonian",
		"Norwegian",
		"Polish",
		"Portuguese",
		"Portuguese (Brazil)",
		"Romanian",
		"Russian",
		"SerbianLatin",
		"Slovak",
		"Slovenian",
		"Spanish",
		"Swedish",
		"Thai",
		"Turkish",
		"Ukrainian",
		"Vietnamese",
		"Farsi"
		], 
	"controltag": [
		  "most popular", 
		  "popular", 
		  "a-z", 
		  "z-a", 
		  "oldest", 
		  "newest"
	 ], 
	"navi_main_lists": {
		  "thumbnails":70,
		  "list"      :71,
		  "default"   :71,
		  "detail"    :72,
		  "search"    :75
    }, 
	"language":["EN_us", "NL_nl"],
	"plx_default_player":["mplayer", "dvdplayer"],
	"plx_default_view":["thumbnails", "list", "default", "detail"],
	"debug":[true, false],
	"bookmark":[true, false],
	"search": {
		"genre"		:	["All"],
        "source"    :   ["All"],
        "phrase"    :   [true, false],
        "type"      :   ["All", "Playlist", "Video", "Audio", "Image"],
        "mode"      :   ["All", "Name", "Description"],
        "adult"     :   [true, false]
		},
	"playlist":{
            "view"	:["thumbnails", "list", "default", "detail"],
            "sort"  :["default", "newest", "oldest", "asc.", "desc.", "rating"]
            }
}