<app>
		<id>com.navi-x.googlecode.com-4</id>
		<name>Navi-X</name>
		<version>4.26</version>
		<description>Browse, Search and Add links to your favorite media files on the internet through Navi-X.</description>
		<thumb>http://navi-x.googlecode.com/svn/trunk/Beta/boxee/thumb.png</thumb>
		<repositoryid>net.navix</repositoryid>
		<repository>http://navi-x.googlecode.com/svn/trunk/boxee</repository>
		<media>video</media>
		<copyright>rodejo16</copyright>
		<email>rodejo16@gmail.com</email>
		<type>skin</type>
		<startWindow>default</startWindow>
		<platform>all</platform>
		<minversion>0.9.14</minversion>
</app>