	<app>
		<id>com.navix.main</id>
		<name>Navi-X</name>
		<version>4.01</version>
		<description>Navi-X v4.0. Access Navi-xtreme content from Boxee. See http://navix.turner3d.net.</description>
		<thumb>http://navi-x.googlecode.com/svn/trunk/boxee/thumb.png</thumb>
		<repositoryid>com.navix</repositoryid>
		<repository>http://navi-x.googlecode.com/svn/trunk/boxee/</repository>
		<media>video</media>
		<copyright>IronBill</copyright>
		<email>xIronBillx@gmail.com</email>
		<type>skin</type>
		<startWindow>default</startWindow>
		<platform>all</platform>
		<minversion>0.9.14</minversion>
	</app>